{
  "accuracy": 0.8669438669438669,
  "precision": 0.8701662539841657,
  "recall": 0.8669438669438669,
  "f1_score": 0.8676387799144967,
  "precision_per_class": [
    0.9473684210526315,
    0.8875,
    0.7983870967741935,
    0.8387096774193549,
    0.9270833333333334
  ],
  "recall_per_class": [
    0.9,
    0.8554216867469879,
    0.8461538461538461,
    0.896551724137931,
    0.8476190476190476
  ],
  "f1_per_class": [
    0.9230769230769231,
    0.8711656441717791,
    0.8215767634854771,
    0.8666666666666667,
    0.8855721393034826
  ],
  "confusion_matrix": [
    [
      54,
      1,
      5,
      0,
      0
    ],
    [
      2,
      71,
      6,
      4,
      0
    ],
    [
      1,
      4,
      99,
      8,
      5
    ],
    [
      0,
      3,
      7,
      104,
      2
    ],
    [
      0,
      1,
      7,
      8,
      89
    ]
  ],
  "classification_report": {
    "0": {
      "precision": 0.9473684210526315,
      "recall": 0.9,
      "f1-score": 0.9230769230769231,
      "support": 60.0
    },
    "1": {
      "precision": 0.8875,
      "recall": 0.8554216867469879,
      "f1-score": 0.8711656441717791,
      "support": 83.0
    },
    "2": {
      "precision": 0.7983870967741935,
      "recall": 0.8461538461538461,
      "f1-score": 0.8215767634854771,
      "support": 117.0
    },
    "3": {
      "precision": 0.8387096774193549,
      "recall": 0.896551724137931,
      "f1-score": 0.8666666666666667,
      "support": 116.0
    },
    "4": {
      "precision": 0.9270833333333334,
      "recall": 0.8476190476190476,
      "f1-score": 0.8855721393034826,
      "support": 105.0
    },
    "accuracy": 0.8669438669438669,
    "macro avg": {
      "precision": 0.8798097057159027,
      "recall": 0.8691492609315625,
      "f1-score": 0.8736116273408658,
      "support": 481.0
    },
    "weighted avg": {
      "precision": 0.8701662539841657,
      "recall": 0.8669438669438669,
      "f1-score": 0.8676387799144967,
      "support": 481.0
    }
  },
  "auc_score": 0.9748441503339622,
  "num_samples": 481,
  "num_classes": 5,
  "class_distribution": {
    "2": 117,
    "3": 116,
    "4": 105,
    "1": 83,
    "0": 60
  }
}