{
  "accuracy": 0.3402061855670103,
  "precision": 0.3964602530300113,
  "recall": 0.3402061855670103,
  "f1_score": 0.3585758249938991,
  "classification_report": {
    "0": {
      "precision": 0.7272727272727273,
      "recall": 0.5714285714285714,
      "f1-score": 0.64,
      "support": 14.0
    },
    "1": {
      "precision": 0.18181818181818182,
      "recall": 0.14285714285714285,
      "f1-score": 0.16,
      "support": 14.0
    },
    "2": {
      "precision": 0.1935483870967742,
      "recall": 0.25,
      "f1-score": 0.21818181818181817,
      "support": 24.0
    },
    "3": {
      "precision": 0.2,
      "recall": 0.29411764705882354,
      "f1-score": 0.23809523809523808,
      "support": 17.0
    },
    "4": {
      "precision": 0.631578947368421,
      "recall": 0.42857142857142855,
      "f1-score": 0.5106382978723404,
      "support": 28.0
    },
    "accuracy": 0.3402061855670103,
    "macro avg": {
      "precision": 0.3868436487112209,
      "recall": 0.3373949579831933,
      "f1-score": 0.3533830708298794,
      "support": 97.0
    },
    "weighted avg": {
      "precision": 0.3964602530300113,
      "recall": 0.3402061855670103,
      "f1-score": 0.3585758249938991,
      "support": 97.0
    }
  },
  "confusion_matrix": [
    [
      8,
      1,
      5,
      0,
      0
    ],
    [
      2,
      2,
      6,
      4,
      0
    ],
    [
      1,
      4,
      6,
      8,
      5
    ],
    [
      0,
      3,
      7,
      5,
      2
    ],
    [
      0,
      1,
      7,
      8,
      12
    ]
  ],
  "test_samples": 97
}